[
  {
    "id": "0080fde9-5e38-416a-bf81-4a364a0167f7",
    "data": [
      {
        "text": "do you have any advices on how to tune ",
        "userDefined": false
      },
      {
        "text": "a",
        "meta": "@sys.ignore",
        "userDefined": false
      },
      {
        "text": " drum?",
        "userDefined": false
      }
    ],
    "isTemplate": false,
    "count": 0
  },
  {
    "id": "0c51fd41-fedc-4979-b02d-da679e6b3623",
    "data": [
      {
        "text": "Give me some tips on drum tuning",
        "userDefined": false
      }
    ],
    "isTemplate": false,
    "count": 0,
    "updated": 1512905276
  },
  {
    "id": "4c26ec96-e453-4cd8-a153-269cfd77c2d8",
    "data": [
      {
        "text": "I want to hear some tips",
        "userDefined": false
      }
    ],
    "isTemplate": false,
    "count": 0,
    "updated": 1512905276
  },
  {
    "id": "1550d524-b7fb-45d3-875b-f9a597eef83f",
    "data": [
      {
        "text": "tell me some drum tuning tips",
        "userDefined": false
      }
    ],
    "isTemplate": false,
    "count": 0,
    "updated": 1512905276
  }
]